숙소정보,음식정보
"['비치온 관광호텔 _ 인사이드뷰 한실 온돌', '커피']","['약소불고기, 산채비빔밥, 홍합밥']"
['모텔/호텔급_4인1실 기준'],[]
['비치온호텔_4인실기준'],"['호텔식 2회및 한식백반 1회', '따개비칼국수,산채비빔밥']"
['대아리조트 별관한실 4인실 기준 또는동급'],"['한식백반1회+리조트식 2회', '산채비빔밥+따개비 칼국수']"
['호텔급_4인실기준'],"['한식백반', '산채비빔밥,홍합밥', '오삼불고기']"
['현포바다체험펜션 원룸형 또는 동급 펜션'],"['홍합밥, 오삼불고기, 산채비빔밥, 물회']"
['모텔급_4인1실기준'],['선박에서는 불포함']
['모텔급_4인1실기준'],"['따개비 칼국수,산채비빔밥']"
['비치온호텔_4인1실기준'],"['따개비 칼국수,산채비빔밥']"
['비치온호텔_4인1실기준'],"['한식 뷔페', '따개비 칼국수,산채비빔밥']"
['비치온호텔_4인1실기준'],"['따개비 칼국수,산채비빔밥']"
